[
  {
    "id": "0d556b86-6807-48db-8f90-cbb845d30a1c",
    "data": [
      {
        "text": "current",
        "alias": "which",
        "meta": "@which",
        "userDefined": true
      },
      {
        "text": " hra",
        "userDefined": false
      }
    ],
    "isTemplate": false,
    "count": 0,
    "updated": 1521632835
  },
  {
    "id": "8532c205-8d43-4de5-be6f-48ac41969a91",
    "data": [
      {
        "text": "chronological",
        "alias": "which",
        "meta": "@which",
        "userDefined": true
      },
      {
        "text": " hra",
        "userDefined": false
      }
    ],
    "isTemplate": false,
    "count": 0,
    "updated": 1521632835
  },
  {
    "id": "24c7efbc-e091-465c-b3cb-854fc0f85212",
    "data": [
      {
        "text": "HRA",
        "userDefined": false
      }
    ],
    "isTemplate": false,
    "count": 0,
    "updated": 1521632835
  }
]